1,2022-12-09,3115.286274900008,Transferencia,441617,886779
2,2021-03-16,8100.179776800639,Retiro,124031,248963
3,2022-03-03,5649.507371650546,Retiro,779829,525082
4,2022-12-06,4705.993264059741,Transferencia,341224,645550
5,2021-01-16,4746.335843842118,Transferencia,480316,230383
6,2021-03-19,5523.656552546539,Retiro,984304,385245
7,2022-12-23,7901.456149428803,Depósito,877313,717141
8,2022-01-08,2370.876956480362,Transferencia,159917,716739
9,2021-07-14,3450.1348584548614,Depósito,904973,766789
10,2021-10-07,3111.1634058484833,Depósito,603601,911001
11,2021-08-07,7437.602778704267,Depósito,120289,990837
12,2021-01-19,6324.990400913386,Depósito,904943,568833
13,2023-03-31,5373.312891518548,Transferencia,728955,279526
14,2022-03-09,2013.8209751955492,Depósito,555195,497193
15,2021-01-08,5222.727140127354,Transferencia,561431,210224
16,2021-01-26,7465.898252372541,Depósito,335691,234491
17,2020-10-24,6335.322912528213,Retiro,935176,493289
18,2021-10-14,3659.7747125144588,Depósito,289274,370948
19,2020-12-19,7011.168381957987,Depósito,179012,746312
20,2022-03-19,2863.0906902336496,Retiro,401225,294467
21,2023-04-19,4129.635245195051,Retiro,590178,202659
22,2022-09-08,153.4871946342732,Transferencia,898995,756945
23,2020-06-27,2187.3171268896886,Retiro,180073,406991
24,2023-01-18,6610.627591060541,Retiro,342278,940188
25,2021-06-16,3301.1547798385554,Retiro,299898,449352
26,2023-04-17,2498.995269181964,Transferencia,409634,597649
27,2023-02-05,1145.1515512886342,Depósito,643302,768894
28,2023-10-26,5259.3509064245545,Depósito,269995,705384
29,2020-08-10,6709.85320614917,Depósito,495189,839269
30,2021-01-12,9235.194470875265,Retiro,855766,860522
31,2021-08-25,1763.8505249257348,Transferencia,780182,984913
32,2023-05-29,7476.5849075575525,Retiro,836507,213529
33,2021-02-05,595.1670270777137,Transferencia,568898,380906
34,2022-03-02,5989.293085399756,Transferencia,439712,379006
35,2021-02-13,8590.784892745489,Retiro,435886,584796
36,2020-10-08,7876.103595373945,Transferencia,179422,252078
37,2023-02-05,9567.439543400045,Transferencia,922116,855098
38,2020-03-04,5249.982221306332,Transferencia,332702,930997
39,2021-12-16,5132.043878620631,Transferencia,844759,965254
40,2022-06-01,3428.3265804612242,Transferencia,413312,923615
41,2023-07-30,7511.912820608892,Transferencia,650389,330820
42,2023-02-02,7326.986053638274,Retiro,807773,746883
43,2022-12-21,249.50829810289628,Retiro,155378,301529
44,2020-08-04,8231.806774691686,Depósito,732500,745149
45,2021-06-13,1581.0224019593072,Transferencia,517447,649928
46,2021-03-22,810.6707057440306,Retiro,245251,878411
47,2023-10-18,2346.574686569326,Depósito,356995,917237
48,2023-03-28,3967.1103272422342,Retiro,720369,662574
49,2023-03-21,2185.8307384177365,Depósito,197703,898859
50,2023-12-28,8345.654064358296,Depósito,202506,414901
51,2023-08-19,7169.7130445765415,Transferencia,981668,449606
52,2020-03-29,2708.750556852176,Transferencia,157361,297727
53,2020-06-19,7488.612695688628,Transferencia,555535,311146
54,2023-11-01,1619.4932655628204,Retiro,795840,455465
55,2022-07-06,582.7306123749622,Transferencia,416590,186879
56,2021-10-27,2113.265012868293,Depósito,522098,594826
57,2022-11-08,1673.4416683249592,Transferencia,145202,897588
58,2020-02-15,3292.748235782431,Transferencia,667566,191410
59,2020-04-19,2881.496257530155,Retiro,132417,530524
60,2023-03-18,3432.3275985865644,Transferencia,718748,901831
61,2020-03-16,9750.81792301213,Depósito,154872,622334
62,2022-03-08,8205.69428165551,Depósito,106263,478195
63,2023-03-21,7923.328704637214,Transferencia,925202,980400
64,2020-10-29,9465.482732350492,Retiro,542061,380771
65,2021-04-22,5587.705598602349,Retiro,741434,211368
66,2023-09-11,1065.299460754983,Retiro,257657,140725
67,2020-02-09,2386.8498424946215,Depósito,759186,229969
68,2022-11-13,321.67496744043575,Transferencia,227598,188133
69,2021-06-14,3485.9000473141177,Depósito,784272,998076
70,2020-04-11,2399.759313170167,Depósito,759095,874925
71,2023-08-19,6858.323252597484,Transferencia,359935,782721
72,2022-07-10,9909.850217480656,Depósito,175225,608917
73,2023-11-03,6473.944542796193,Retiro,896420,617777
74,2020-09-07,8478.167462171534,Depósito,158168,409071
75,2021-04-07,7638.180796573125,Transferencia,286785,694310
76,2020-11-26,5197.325594429282,Retiro,890560,987809
77,2020-10-06,7211.888270544925,Transferencia,434541,586021
78,2023-04-13,6651.204448917118,Depósito,184315,640402
79,2021-03-28,5347.923991454766,Transferencia,842339,187278
80,2023-11-04,2599.3640369482005,Retiro,313630,971736
81,2021-09-12,3422.0412649034834,Depósito,369991,313497
82,2021-06-07,448.94832084629877,Retiro,205962,196285
83,2021-05-31,9769.72986377807,Retiro,891875,622087
84,2022-01-14,5303.574593608295,Retiro,387002,386034
85,2021-07-14,4867.407939906994,Depósito,624051,407606
86,2023-06-07,3486.1570387020756,Transferencia,275259,912319
87,2023-07-07,9917.579310888013,Depósito,255100,553641
88,2020-11-27,7150.703348603446,Retiro,270682,525078
89,2022-01-24,8300.529233189667,Depósito,243519,372149
90,2021-11-15,5472.273985819719,Retiro,923097,790498
91,2021-03-16,368.81749987217825,Depósito,746178,417023
92,2020-11-29,7307.894004253771,Retiro,463974,741778
93,2022-11-05,5759.879386246677,Transferencia,827195,414741
94,2022-11-03,5728.454474824049,Retiro,250684,384149
95,2020-03-22,5349.255832111741,Retiro,827365,964022
96,2023-01-25,5417.860707461067,Depósito,935924,301320
97,2022-11-02,6646.516688062301,Transferencia,361066,686385
98,2022-12-02,7677.787575953058,Depósito,382075,422377
99,2022-12-11,2565.939192542356,Transferencia,886735,875613
100,2022-06-10,3582.9214971778274,Retiro,258392,465974
101,2020-07-11,179.75939032439365,Depósito,849926,629898
102,2022-06-05,2230.6507453218474,Transferencia,112881,850753
103,2021-02-01,8311.978663121321,Transferencia,947351,706175
104,2022-03-20,8775.61131615702,Retiro,357573,241833
105,2020-08-14,9538.555871254755,Transferencia,383285,702102
106,2020-06-23,6419.045266297763,Depósito,385894,490537
107,2020-05-10,8432.753721704363,Retiro,467979,659139
108,2023-04-24,6447.3734873138055,Retiro,143860,674731
109,2020-02-21,3417.713564212734,Depósito,641932,356119
110,2023-06-04,1434.5795847154209,Retiro,463600,912156
111,2022-01-23,8173.358294774152,Transferencia,632409,902807
112,2022-11-04,9768.026244735403,Retiro,654206,522709
113,2022-10-29,839.7463715134488,Transferencia,141745,742622
114,2022-04-27,8611.125354356647,Transferencia,509966,664790
115,2022-05-15,929.5447729604092,Depósito,754600,816079
116,2023-01-20,2020.2938406905164,Transferencia,100818,139514
117,2021-04-25,3246.2569241522788,Transferencia,326250,898893
118,2021-01-25,9697.41895184324,Transferencia,312795,143958
119,2023-04-29,6818.922211265545,Retiro,359118,739049
120,2021-02-13,4610.173460830252,Retiro,404902,267765
121,2020-04-26,5716.160019381596,Retiro,660432,290099
122,2021-02-18,4720.236669357242,Depósito,115835,680645
123,2022-03-10,9064.018719618201,Transferencia,285374,724999
124,2020-07-31,3040.148240114162,Depósito,891880,737689
125,2020-09-22,9506.66862018535,Retiro,992307,980895
126,2022-06-15,391.6376270716362,Transferencia,814082,887290
127,2021-01-20,6818.353253019248,Retiro,561840,622418
128,2023-09-05,6652.996408657164,Depósito,776806,156717
129,2020-07-06,9521.620997321914,Retiro,641187,563008
130,2023-10-17,4263.496054422813,Retiro,358180,614544
131,2020-03-03,9783.431341796031,Depósito,157481,366088
132,2021-09-13,6739.972989451338,Transferencia,131843,722814
133,2021-01-22,4490.744941592193,Retiro,252496,130133
134,2021-11-09,8680.026796187507,Transferencia,598276,287087
135,2021-10-13,6537.545831418653,Retiro,717966,132055
136,2021-07-27,5869.740552778952,Depósito,660743,944320
137,2023-11-07,5692.987061317979,Transferencia,703573,421442
138,2021-03-05,3696.7807799183142,Retiro,921366,847110
139,2021-12-01,722.5349673552678,Retiro,172731,872890
140,2021-06-17,7493.308000359321,Depósito,504023,679018
141,2022-06-11,8071.471365539726,Transferencia,999476,148934
142,2023-05-28,3704.2488145803154,Transferencia,192998,540924
143,2020-05-16,8659.342857573203,Depósito,737714,234314
144,2022-10-02,7331.833049480415,Retiro,804547,265175
145,2022-06-06,9470.86328116697,Depósito,460272,740912
146,2021-04-28,1690.2346918352805,Depósito,468816,778201
147,2023-01-30,5888.367114833221,Retiro,970217,497277
148,2021-02-18,1146.0201951134204,Depósito,455796,351326
149,2020-10-21,824.820474736976,Transferencia,688911,465460
150,2022-08-09,4752.589820396276,Retiro,459479,911060
151,2023-10-09,6152.1889272051,Transferencia,245218,468675
152,2020-10-07,6874.172363397234,Retiro,669532,465612
153,2023-09-13,6916.7713722448425,Retiro,629868,980000
154,2021-04-17,5712.237947631374,Transferencia,580070,486611
155,2022-05-15,785.1174799556695,Depósito,644152,395897
156,2023-12-10,6466.68452494053,Transferencia,803620,585431
157,2022-12-07,5148.74825256455,Depósito,867502,782593
158,2021-09-06,8940.461296694682,Transferencia,285724,163848
159,2023-03-22,4362.829261250204,Retiro,302493,885860
160,2021-08-31,2778.9923125722094,Retiro,331602,364173
161,2020-04-01,4015.7431884383122,Transferencia,738455,346467
162,2021-08-13,9816.743866714485,Transferencia,591921,712314
163,2023-04-25,1628.504577377267,Depósito,803296,805337
164,2021-05-25,7728.174193470845,Transferencia,359245,236174
165,2021-01-30,7148.688417223467,Retiro,870696,737045
166,2021-01-24,6345.7288040479225,Depósito,875736,720847
167,2020-08-12,1571.4053824751757,Transferencia,777239,478226
168,2021-08-04,591.8783055113938,Transferencia,862394,963033
169,2020-01-23,7310.864006757075,Retiro,543927,892827
170,2020-01-24,8653.469274279632,Depósito,464595,792533
171,2023-08-17,80.9641387840393,Retiro,200115,877233
172,2023-03-21,1535.2471562970138,Retiro,216006,551191
173,2023-09-12,6420.239787169943,Retiro,778977,516494
174,2022-03-07,304.6744992922572,Transferencia,248399,831675
175,2021-06-11,7513.697952110327,Transferencia,197664,249782
176,2022-06-27,1038.1242141134076,Retiro,203146,968822
177,2020-08-12,3169.6506160882736,Transferencia,657826,379398
178,2023-04-26,2942.5233681516665,Depósito,572936,737092
179,2021-10-31,2117.3856332871915,Transferencia,869033,811249
180,2021-03-14,6773.96434153435,Depósito,127988,264388
181,2023-09-01,6337.974101402401,Transferencia,807613,412119
182,2023-12-12,2763.6561403747783,Depósito,821482,201615
183,2023-10-16,5082.268940618158,Transferencia,616956,675544
184,2020-08-10,2577.0288086630726,Transferencia,580499,682071
185,2023-08-29,6225.245935086486,Retiro,618321,966559
186,2022-11-07,6354.015642312255,Retiro,312508,288982
187,2021-10-15,5913.237419422068,Retiro,787228,206842
188,2021-10-18,222.7964613691743,Transferencia,280790,952193
189,2022-07-13,5784.049736905453,Retiro,913434,647902
190,2021-08-01,1285.8750456184407,Depósito,454547,633400
191,2021-12-28,5902.139378923075,Transferencia,575091,885026
192,2022-06-02,9473.195929360385,Depósito,832183,184114
193,2020-10-07,1424.0973132698057,Depósito,371958,891345
194,2023-10-11,9315.858555925784,Depósito,993073,112850
195,2023-01-29,308.7110992618482,Retiro,512074,197511
196,2020-01-15,677.3696440084589,Transferencia,778247,224730
197,2022-07-28,7664.674962732253,Transferencia,768499,124036
198,2021-12-01,1386.0257403180826,Transferencia,341860,625514
199,2021-04-03,1321.2079093586722,Retiro,629299,586363
200,2023-11-03,8371.275396449879,Retiro,882218,261164
201,2023-03-01,2275.697469308835,Retiro,294966,465529
202,2022-09-14,5737.122889341162,Depósito,729190,783782
203,2021-09-30,2578.1064802041224,Retiro,864652,834044
204,2023-08-24,5503.783265912603,Retiro,996898,623024
205,2022-07-29,7818.773254960861,Retiro,400201,664415
206,2022-02-27,1050.6535059390212,Retiro,894712,203419
207,2023-04-30,514.3054097029914,Transferencia,421146,362590
208,2023-03-13,1288.8864864140037,Retiro,259777,359726
209,2022-08-30,1736.0835176696487,Depósito,791692,936681
210,2020-05-18,919.8579588909287,Depósito,475583,846646
211,2023-07-15,7806.513893131217,Depósito,718213,822843
212,2020-12-06,7662.88383176593,Retiro,336051,675580
213,2022-12-08,3338.1326912107866,Depósito,274669,439301
214,2022-04-15,806.0741005883921,Depósito,945122,180238
215,2021-03-28,9119.569836841136,Retiro,545161,403179
216,2020-02-08,8172.054158156433,Transferencia,871243,188317
217,2023-02-04,737.9927928444722,Transferencia,471974,254240
218,2022-09-29,4463.022937444152,Depósito,690672,146675
219,2020-02-23,6934.597445256272,Transferencia,617632,625667
220,2022-08-31,1065.205796591954,Transferencia,671159,391639
221,2021-04-26,625.7496516836627,Retiro,172314,270187
222,2020-02-13,1390.4766617984517,Depósito,519433,665430
223,2020-08-06,3432.226347340395,Depósito,419311,652962
224,2021-02-12,1793.9688823076597,Depósito,644166,960208
225,2020-01-31,9631.082146288565,Retiro,264312,203220
226,2020-04-25,4742.2442747123105,Depósito,778034,776912
227,2020-06-14,6446.1639487877355,Depósito,143851,935732
228,2020-11-03,8132.693370812453,Depósito,563309,589297
229,2023-11-05,1173.1665851000105,Depósito,463871,433442
230,2021-05-22,3454.4908226324656,Retiro,466594,548588
231,2020-08-05,894.0486357663218,Retiro,128758,858561
232,2022-05-17,3216.6946840105215,Transferencia,587015,390387
233,2023-08-24,4904.678076206856,Depósito,878668,806423
234,2023-10-11,4567.884002066032,Depósito,855825,335073
235,2022-05-28,9999.303749057926,Depósito,583607,795519
236,2022-03-11,1985.221488264195,Depósito,474611,215718
237,2022-11-20,6024.493905714102,Transferencia,690748,285696
238,2023-02-05,6770.625924851039,Transferencia,930767,263946
239,2020-10-01,3080.16346487596,Transferencia,491735,615290
240,2022-04-20,5224.278450777085,Retiro,183600,682096
241,2023-04-20,1084.9849465309019,Depósito,123218,521122
242,2023-06-21,7916.254294804752,Transferencia,472677,435064
243,2023-01-17,4983.006151962097,Depósito,383300,730289
244,2022-10-13,1330.0361917734785,Transferencia,485862,224404
245,2022-12-08,8889.485475652325,Transferencia,645877,708841
246,2020-09-26,1135.2384973728736,Depósito,377246,620990
247,2021-05-05,6813.80073389177,Transferencia,985127,525461
248,2022-11-12,6207.913933615085,Retiro,378747,545723
249,2021-06-20,1929.2632729408458,Transferencia,244415,680732
250,2021-02-14,3557.669673054421,Retiro,349787,607223
251,2023-05-03,8336.802535093702,Transferencia,384857,756846
252,2020-07-10,5925.522618498334,Transferencia,985507,456170
253,2022-08-15,5499.642552985437,Depósito,989081,607130
254,2020-06-14,1898.4648523260491,Retiro,286042,699192
255,2020-05-16,3107.171894463419,Depósito,772916,307436
256,2021-10-10,3169.2256716468924,Transferencia,108705,442112
257,2021-06-17,9894.518648870939,Depósito,789570,292453
258,2023-07-04,975.8639175854918,Transferencia,595936,136310
259,2022-03-15,9710.240281227114,Transferencia,178275,481303
260,2023-09-25,7150.727643933539,Depósito,660521,405583
261,2023-06-06,876.0799867150082,Depósito,871027,797507
262,2023-08-23,4159.163741597577,Depósito,499218,347209
263,2021-10-25,1264.6070757494856,Depósito,223501,455634
264,2023-01-05,2032.0597392167042,Transferencia,872645,165256
265,2022-09-16,2402.4279803883314,Depósito,558040,407096
266,2022-10-15,5229.056175275691,Depósito,510914,368281
267,2022-12-05,1177.0344943017283,Retiro,649822,700362
268,2022-12-04,1497.8561221573302,Transferencia,896939,969441
269,2022-09-24,9616.264555937661,Transferencia,590402,502178
270,2020-01-24,9172.845544719728,Transferencia,141185,716779
271,2021-11-19,3795.952828406182,Transferencia,663147,807157
272,2020-03-07,2997.609724980317,Retiro,336435,283090
273,2022-10-13,4170.457677623354,Depósito,474215,277703
274,2021-01-02,1913.8174983409094,Depósito,354258,699862
275,2021-08-23,2137.681641799545,Transferencia,944387,795775
276,2022-04-19,564.3686803907966,Transferencia,285736,723490
277,2023-06-08,7285.771400901166,Transferencia,410552,140669
278,2021-03-28,6188.598068342957,Retiro,276506,852642
279,2022-12-18,2311.9613001219045,Retiro,630267,698273
280,2022-12-29,6569.012792791875,Transferencia,270688,827543
281,2020-07-29,2869.4173815018003,Retiro,204298,774707
282,2023-06-23,4079.10629909037,Retiro,728292,274465
283,2021-10-06,3663.507043858384,Retiro,307058,287927
284,2022-02-07,1694.2783539968523,Transferencia,728427,933489
285,2023-03-07,2256.1251532853285,Retiro,366987,393658
286,2021-01-14,8023.960771550531,Retiro,227214,486451
287,2023-10-04,4791.427663115379,Transferencia,928164,932641
288,2020-02-08,8474.761894099773,Retiro,925433,900152
289,2023-06-29,8249.75017672885,Depósito,643622,106494
290,2021-04-06,3898.4179241142606,Retiro,130972,914184
291,2020-10-18,7024.843400281031,Depósito,602031,649948
292,2023-08-12,831.0364775417024,Retiro,544296,945578
293,2022-07-10,7945.951612699967,Retiro,597825,709788
294,2022-04-12,4745.4494668511925,Transferencia,107478,745804
295,2023-11-02,6685.0847047517955,Retiro,848479,172798
296,2021-09-04,5473.840117323427,Transferencia,769565,588738
297,2021-11-05,215.35425469727582,Transferencia,116903,164165
298,2023-09-04,8204.495169493835,Depósito,945261,413493
299,2022-10-21,346.0457213405289,Depósito,836497,754068
300,2020-09-19,8182.680260528275,Transferencia,799649,984403
301,2021-05-06,4758.512926112219,Depósito,104552,334025
302,2023-12-09,570.8047344823167,Retiro,738544,567736
303,2022-04-20,9988.83592700054,Depósito,278052,541434
304,2021-12-06,7888.1195302847,Transferencia,125947,738385
305,2022-06-01,2977.451081110349,Retiro,954697,776090
306,2023-02-10,5415.839328969866,Transferencia,534449,511780
307,2021-06-03,8666.35478011606,Depósito,293100,181074
308,2022-02-01,353.3654534508424,Retiro,775543,686202
309,2022-12-30,2444.886421649594,Transferencia,945265,696471
310,2020-09-22,1409.2548881454852,Transferencia,950021,110050
311,2021-08-23,683.095815060052,Depósito,201004,312248
312,2023-02-19,3922.441056426481,Retiro,268312,292145
313,2020-08-21,7818.729245243403,Retiro,429028,636673
314,2021-06-11,2928.717262200984,Retiro,917536,887058
315,2020-12-19,8044.585827888486,Retiro,678384,594597
316,2021-08-25,6149.3724579775735,Retiro,449681,983448
317,2023-03-14,2043.0281200130312,Depósito,837312,856239
318,2023-09-05,6438.439059948276,Transferencia,550431,108004
319,2021-01-10,33.45375992680624,Depósito,671227,437410
320,2020-09-24,2373.9192286802995,Transferencia,789634,784245
321,2021-05-26,6625.158784220641,Depósito,533825,372549
322,2023-04-21,662.1317714516119,Retiro,627268,455705
323,2021-11-06,8334.24803403195,Depósito,681937,755621
324,2020-06-16,7801.879549655397,Transferencia,998698,738004
325,2023-01-23,2290.0876554434426,Transferencia,133130,959434
326,2023-08-31,8394.284929249621,Depósito,530740,949250
327,2020-08-06,8483.204747168293,Retiro,739740,473019
328,2020-05-13,6358.716210634409,Retiro,954364,555003
329,2022-05-01,2771.3987629556154,Depósito,737497,884291
330,2021-02-09,9762.534472448246,Depósito,523078,689085
331,2023-08-15,9974.51128130254,Transferencia,122791,252006
332,2021-02-01,1869.769224441738,Transferencia,493748,628041
333,2022-01-12,8162.069245071213,Retiro,389839,620808
334,2022-11-10,1985.9150963500067,Transferencia,414251,347233
335,2022-03-01,7777.844960670423,Depósito,208403,916296
336,2022-07-01,3273.2130530932586,Retiro,855010,162060
337,2021-01-02,5440.228658253687,Depósito,830445,928469
338,2021-01-18,7044.108244762136,Retiro,585824,894387
339,2020-06-23,8082.973771369213,Depósito,399723,287002
340,2022-12-23,5584.99059971622,Transferencia,368266,706693
341,2020-06-11,5720.078328696896,Transferencia,561574,777171
342,2021-08-08,6500.390724996633,Transferencia,747655,988065
343,2021-05-04,1527.8257579535175,Depósito,515648,241528
344,2020-01-29,2242.705969733431,Depósito,480303,123720
345,2020-01-31,330.6832174120081,Transferencia,531542,883565
346,2021-05-24,9633.582233069172,Transferencia,741114,900466
347,2022-10-04,1153.6954128431114,Transferencia,561353,883486
348,2020-10-28,3273.38370522053,Depósito,358975,593533
349,2021-10-26,7153.813284429088,Depósito,635665,110867
350,2020-07-28,6196.3086836964,Depósito,183889,276119
351,2021-11-05,2512.6275943360974,Retiro,812034,945085
352,2020-02-10,5488.08191952693,Transferencia,768066,336533
353,2023-02-22,9546.734725033959,Retiro,691121,124713
354,2021-06-18,6919.014332270017,Transferencia,797964,751495
355,2021-10-20,3605.704321549278,Depósito,823812,109872
356,2023-08-14,4801.134407082492,Depósito,327368,917303
357,2023-02-13,7574.614192439103,Retiro,815765,899724
358,2022-01-23,5584.309631870036,Retiro,180551,848599
359,2022-07-26,5431.041159834793,Retiro,313283,228950
360,2023-04-25,3216.9147323484194,Retiro,698460,449864
361,2023-11-09,4741.42721914643,Depósito,842562,226826
362,2021-07-23,2621.9110830093123,Transferencia,695173,268026
363,2020-03-15,6155.199540098012,Depósito,566682,287531
364,2023-10-31,6029.645958883864,Retiro,630012,769354
365,2023-08-31,8235.98571365823,Retiro,203476,445479
366,2022-07-19,5416.315085089436,Retiro,443600,720674
367,2023-07-13,12.244872780564313,Transferencia,136827,648365
368,2022-09-06,2074.7476823705633,Depósito,709243,890922
369,2022-08-02,2063.778388499022,Transferencia,547293,891735
370,2022-08-01,3667.9070598005105,Retiro,474413,112287
371,2021-10-21,9020.894819641,Retiro,605427,910448
372,2022-01-19,2100.899986503196,Transferencia,160524,294953
373,2023-04-07,2991.060756210403,Retiro,811931,478424
374,2023-02-17,3783.6838282182,Retiro,391927,242784
375,2020-02-20,2691.5141309981054,Transferencia,770965,141397
376,2020-10-13,6835.626051530596,Depósito,567851,720657
377,2021-11-17,667.8666386468498,Transferencia,894542,887067
378,2022-11-22,3317.6674096785487,Transferencia,741786,248470
379,2022-12-10,5494.3433957236675,Retiro,259689,742063
380,2023-12-06,8638.84196200689,Depósito,612004,982980
381,2023-07-14,2912.844103572791,Transferencia,590755,475447
382,2021-05-10,4259.264551836674,Transferencia,330229,642743
383,2021-09-12,2729.541406184386,Depósito,718930,256588
384,2020-03-04,3171.7807975983787,Transferencia,296500,975754
385,2021-02-08,104.45763470270418,Transferencia,906321,618116
386,2022-10-08,1995.1606468848008,Transferencia,166815,438045
387,2022-12-18,4834.960708486926,Transferencia,230718,855300
388,2020-10-26,6716.460092296986,Depósito,502695,416374
389,2020-08-04,6476.189840595779,Retiro,865665,774462
390,2020-01-29,7203.730401599985,Retiro,467096,337554
391,2022-06-05,4839.845921471205,Transferencia,336385,773912
392,2021-09-08,5707.86645690144,Transferencia,323139,354785
393,2022-02-25,773.4107663624453,Depósito,139361,695503
394,2020-10-14,6741.384520336862,Retiro,264379,861404
395,2023-10-18,7638.34978646786,Transferencia,717513,651886
396,2020-09-11,2041.9085483365168,Retiro,640980,813108
397,2020-11-11,3647.195346290838,Depósito,381318,401950
398,2021-10-17,399.9183355052791,Transferencia,575864,111428
399,2020-02-01,8421.592095513775,Depósito,187978,383966
400,2022-12-26,9815.583261890632,Retiro,100417,600063
401,2022-02-01,5957.598200198191,Retiro,140009,122061
402,2021-03-29,142.61791004892552,Depósito,822049,676901
403,2022-08-19,9127.144344142853,Transferencia,645979,566735
404,2022-08-25,8237.185654327988,Retiro,676086,341114
405,2020-10-08,5004.284982699503,Retiro,478582,928262
406,2023-01-19,21.0113810236807,Retiro,877958,819639
407,2023-02-03,2821.2995576985413,Transferencia,805317,328922
408,2021-12-04,3464.4066389829954,Retiro,865256,359881
409,2021-03-12,6383.963071894734,Transferencia,978698,225344
410,2020-07-10,7962.867048869309,Retiro,295706,481107
411,2022-06-12,6012.080441999025,Transferencia,491084,981223
412,2023-06-08,9525.965289307796,Retiro,931047,564249
413,2020-12-19,1462.4838507305217,Retiro,328675,401984
414,2020-10-06,2343.9859521327207,Depósito,564799,424039
415,2021-03-14,5791.049808846609,Depósito,599436,553719
416,2023-10-06,6508.951001825787,Retiro,198213,711929
417,2020-08-18,5648.78336948752,Transferencia,605332,305040
418,2023-09-02,5565.998765962039,Transferencia,670835,416956
419,2022-02-08,3680.8708185216906,Transferencia,408913,640119
420,2020-03-20,8799.652164493125,Retiro,938300,526825
421,2022-01-12,1927.4162502088834,Depósito,965344,421977
422,2020-05-11,4202.255640869102,Retiro,488837,360299
423,2022-10-29,9242.661738371075,Retiro,388991,837085
424,2020-11-19,1755.69415993523,Depósito,514687,448046
425,2021-12-10,8329.75120684555,Transferencia,802374,199858
426,2021-03-14,849.5216594484925,Transferencia,546120,688487
427,2020-03-04,9938.792774497884,Depósito,989423,763287
428,2021-12-28,9368.494767009588,Retiro,598693,982409
429,2022-10-11,5917.281691228124,Depósito,918106,121976
430,2021-02-19,6598.790856708859,Depósito,211699,512650
431,2021-11-15,2569.505259266616,Retiro,712576,223275
432,2021-10-11,1795.11833530566,Retiro,105721,650326
433,2023-08-18,5742.914542024454,Depósito,612440,489310
434,2020-04-14,8949.859932994823,Transferencia,240324,921306
435,2020-10-10,5813.382258307465,Retiro,888651,992364
436,2021-12-23,9383.277953817784,Transferencia,893040,217181
437,2023-08-14,2732.482769525585,Retiro,551694,217400
438,2023-10-28,1138.38456246426,Transferencia,887744,264716
439,2023-06-07,6722.901815573797,Transferencia,257778,525388
440,2022-01-13,4565.829511064238,Transferencia,552593,841572
441,2020-10-12,4098.880881172368,Transferencia,925560,255506
442,2020-08-08,2777.0145586345384,Depósito,899789,165104
443,2020-08-10,4711.552165680283,Retiro,556029,672235
444,2021-11-20,2027.3150774447836,Retiro,237648,758716
445,2020-06-19,2749.9198693662343,Retiro,210173,346389
446,2023-07-17,4917.199632630427,Retiro,512750,788030
447,2020-10-18,2267.2356388279013,Retiro,849753,996342
448,2022-05-12,1379.227582719701,Depósito,867427,740544
449,2023-06-06,6793.5207543476845,Retiro,666870,546628
450,2021-09-30,3123.4633631578877,Depósito,580946,870924
451,2022-05-13,8504.939827847014,Transferencia,922870,149191
452,2021-03-16,8587.826854343346,Retiro,311268,957579
453,2020-10-12,5167.690940316218,Transferencia,644039,197964
454,2021-04-24,3570.321577996162,Transferencia,739205,140542
455,2021-04-29,1399.1540809942774,Transferencia,467844,447250
456,2021-03-07,2677.8529585314004,Depósito,898736,371998
457,2021-10-25,4724.6600941553215,Depósito,853882,383087
458,2020-02-15,1460.6232650561271,Depósito,748104,561285
459,2020-05-04,2313.3544869850534,Transferencia,645283,102160
460,2023-11-02,5275.679284356492,Retiro,731654,728707
461,2021-09-19,1964.2580884643914,Transferencia,175263,745139
462,2020-09-19,3125.705726655551,Transferencia,629630,897822
463,2023-07-19,6629.809263734393,Transferencia,185422,615705
464,2020-08-21,7335.453506266756,Transferencia,691402,653316
465,2021-07-28,9678.012736391098,Transferencia,671381,242015
466,2023-06-05,637.3419392127641,Transferencia,602080,367668
467,2023-08-09,8085.11617385833,Depósito,982059,298002
468,2021-02-16,2243.5573940060804,Retiro,377705,855911
469,2020-06-05,3334.2174316193473,Transferencia,368610,372255
470,2023-09-27,8110.924771890446,Transferencia,150684,890201
471,2023-01-29,7269.086031358061,Transferencia,251819,155443
472,2021-03-26,1545.2754684253198,Transferencia,458217,310333
473,2021-08-15,1514.5701241976628,Transferencia,849180,957504
474,2023-04-06,4410.778424405113,Retiro,171616,128788
475,2021-12-09,430.9249965151786,Depósito,960205,695304
476,2023-09-04,1784.1515809430123,Transferencia,522799,937833
477,2022-12-02,7520.163176948991,Depósito,611644,480099
478,2021-07-19,9525.93417488823,Depósito,248289,617114
479,2022-12-13,8246.005718311102,Transferencia,821274,389904
480,2022-02-12,3271.7887948193033,Retiro,751012,948996
481,2020-09-26,2310.8299924394737,Retiro,144728,603696
482,2020-06-23,7967.276004859846,Transferencia,360734,178294
483,2022-09-26,5308.517451121916,Transferencia,857750,999679
484,2023-08-26,4694.509487925723,Transferencia,520420,129305
485,2023-05-01,8449.484621564068,Retiro,900359,640889
486,2021-07-26,1698.804847692584,Transferencia,319352,619841
487,2021-04-24,2743.991129836314,Transferencia,278349,560452
488,2020-03-30,9106.395721254685,Transferencia,514955,950735
489,2023-01-22,3220.6766460520353,Retiro,832226,793615
490,2023-11-22,9314.757045170298,Depósito,333320,462915
491,2020-06-05,1138.4892873643512,Retiro,217328,378567
492,2023-09-18,9597.408799611298,Transferencia,480541,702196
493,2022-10-22,209.75077423330612,Transferencia,400260,357133
494,2023-03-29,8091.834080551879,Depósito,756206,603797
495,2022-08-31,1867.9904347184304,Transferencia,970559,175088
496,2022-07-12,2095.8988231709277,Retiro,180008,240401
497,2022-08-02,6080.70564026285,Depósito,761898,499765
498,2020-11-13,3459.9620309749525,Transferencia,489802,105357
499,2022-01-19,5171.544092276485,Transferencia,256968,279822
500,2020-08-17,53.72173682089874,Transferencia,297638,317317
